Pirelli Customer Code,Customer Material Code,Pirelli Material Code,Material Description,Stock Quantity,Stock Date,
5700097,47930,4362000,175/65R14  Formula  Energy  82T ,157,20260224,
5700097,110755,4403000,175/65R14  Formula  Ice Friction  82T  нешипуемая,9,20260224,
5700097,43778,4370000,175/65R14  Formula ICE  82T  шип.,24,20260224,
5700097,56658,4362200,175/65R14  Pirelli  Cinturato P1  82T  ,14,20260224,
5700097,44988,4372400,175/65R14  Pirelli  Ice Zero  82T  шип.,7,20260224,
5700097,44987,4373600,175/65R14  Pirelli  Ice Zero Friction  82T  нешипуемая.,19,20260224,
5700097,46514,4361900,175/70R14  Formula  Energy  84T ,120,20260224,
5700097,46530,4364400,185/55R15  Formula  Energy  82V,5,20260224,
5700097,43772,4372000,185/55R15  Formula ICE  86T  шип.,9,20260224,
5700097,20622,4405400,185/55R15  Pirelli  Cinturato P1  82H  ,146,20260224,
5700097,44418,4372300,185/55R15  Pirelli  Ice Zero  82T  шип.,11,20260224,
5700097,46513,4362500,185/60R14  Formula  Energy  82H,458,20260224,
5700097,43777,4370600,185/60R14  Formula ICE  82T  шип.,5,20260224,
5700097,20492,4538400,185/60R14  Pirelli  Cinturato P1  82H  ,516,20260224,
5700097,43629,4372500,185/60R14  Pirelli  Ice Zero  82T  шип.,1,20260224,
5700097,49593,4362600,185/60R15  Formula  Energy  88H,6,20260224,
5700097,110768,4402900,185/60R15  Formula  Ice Friction  88T  нешипуемая,20,20260224,
5700097,43774,4370500,185/60R15  Formula ICE  88T  шип.,161,20260224,
5700097,30036,4363800,185/60R15  Pirelli  Cinturato P1  84H  ,403,20260224,
5700097,43631,4371500,185/60R15  Pirelli  Ice Zero  88T  шип.,20,20260224,
5700097,44410,4373200,185/60R15  Pirelli  Ice Zero Friction  88T  нешипуемая,4,20260224,
5700097,60348,4362800,185/65R14  Formula  Energy  86H,100,20260224,
5700097,43779,2349000,185/65R14  Formula ICE  86T  шип.,35,20260224,
5700097,55824,4363000,185/65R14  Pirelli  Cinturato P1  86H  ,7,20260224,
5700097,44990,4372600,185/65R14  Pirelli  Ice Zero  86T  шип.,9,20260224,
5700097,46517,4405300,185/65R15  Formula  Energy  88T,25,20260224,
5700097,30051,2342000,185/65R15  Formula  Energy  92H  ,8,20260224,
5700097,110760,4402800,185/65R15  Formula  Ice Friction  92T  нешипуемая,42,20260224,
5700097,43775,4370300,185/65R15  Formula ICE  88T  шип.,51,20260224,
5700097,46453,4363100,185/65R15  Pirelli  Cinturato P1  88H  ,13,20260224,
5700097,80481,4405600,185/65R15  Pirelli  Cinturato P1  92H  ,2,20260224,
5700097,105134,4378100,185/65R15  Pirelli  Ice Zero (KS)  92T  шип.,41,20260224,
5700097,44388,4375600,185/65R15  Pirelli  Ice Zero Friction  92T  нешипуемая,8,20260224,
5700097,43620,4372700,185/70R14  Pirelli  Ice Zero  88T  шип.,2,20260224,
5700097,60093,4394900,185/75R16  Pirelli  Scorpion ATR  93T ,618,20260224,
5700097,46524,4364200,195/50R15  Formula  Energy  82V  ,471,20260224,
5700097,46459,4364600,195/50R15  Pirelli  Cinturato P1  82V  ,15,20260224,
5700097,60359,4364100,195/55R15  Formula  Energy  85V,132,20260224,
5700097,43773,4370900,195/55R15  Formula ICE  85T  шип.,18,20260224,
5700097,55828,4405700,195/55R15  Pirelli  Cinturato P1  85H  ,114,20260224,
5700097,88979,4364500,195/55R16  Formula  Energy  87V,178,20260224,
5700097,110765,4403200,195/55R16  Formula  Ice Friction  91T  нешипуемая,8,20260224,
5700097,43613,4372100,195/55R16  Formula ICE  91T  шип.,30,20260224,
5700097,30033,4406400,195/55R16  Pirelli  Cinturato P1  87H  ,33,20260224,
5700097,72964,4364000,195/60R15  Formula  Energy  88V,86,20260224,
5700097,43602,4371000,195/60R15  Formula ICE  88T  шип.,61,20260224,
5700097,21110,4363300,195/60R15  Pirelli  Cinturato P1  88H  ,24,20260224,
5700097,43630,4372800,195/60R15  Pirelli  Ice Zero  88T  шип.,20,20260224,
5700097,72963,4365200,195/65R15  Formula  Energy  91V,12,20260224,
5700097,110757,4402500,195/65R15  Formula  Ice Friction  95T  нешипуемая,52,20260224,
5700097,43776,4370100,195/65R15  Formula ICE  91T  шип.,99,20260224,
5700097,46485,4365500,195/65R15  Pirelli  Cinturato P1  91V  ,70,20260224,
5700097,43625,4514700,195/65R15  Pirelli  Ice Zero  95T  шип.,5,20260224,
5700097,44986,4375500,195/65R15  Pirelli  Ice Zero Friction  95T  нешипуемая,6,20260224,
5700097,46520,4537100,205/50R17  Formula  Energy  93V,21,20260224,
5700097,116592,4463600,205/50R17  Formula  Ice  93T  шип.,15,20260224,
5700097,68290,4393500,205/50R17  Pirelli  Cinturato P7  89V  ,146,20260224,
5700097,98339,4376900,205/50R17  Pirelli  Ice Zero 2  93T  шип.,1,20260224,
5700097,44978,4374000,205/50R17  Pirelli  Ice Zero Friction  93T  нешипуемая,6,20260224,
5700097,101370,4367000,205/50R17  Pirelli  POWERGY  93Y,4,20260224,
5700097,49597,4365300,205/55R16  Formula  Energy  91V,5,20260224,
5700097,110761,4402700,205/55R16  Formula  Ice Friction  94T  нешипуемая,93,20260224,
5700097,43612,4370200,205/55R16  Formula ICE  91T  шип.,64,20260224,
5700097,55834,4405500,205/55R16  Pirelli  Cinturato P1  91V  ,15,20260224,
5700097,2096,4364700,205/55R16  Pirelli  Cinturato P7  91V  ,343,20260224,
5700097,97706,4365900,205/55R16  Pirelli  Cinturato P7C2  94V  ,6,20260224,
5700097,34981,4371100,205/55R16  Pirelli  Ice Zero  94T  шип.,147,20260224,
5700097,83444,4375700,205/55R16  Pirelli  Ice Zero 2  94T  шип.,12,20260224,
5700097,44389,4375400,205/55R16  Pirelli  Ice Zero Friction  94T  нешипуемая,29,20260224,
5700097,128269,5800000,205/55R16  Pirelli  Ice Zero Friction 3  94H  нешипуемая,4,20260224,
5700097,60349,4364300,205/60R16  Formula  Energy  92V,334,20260224,
5700097,110764,4402300,205/60R16  Formula  Ice Friction  96T  нешипуемая,6,20260224,
5700097,43770,4370700,205/60R16  Formula ICE  96T  шип.,69,20260224,
5700097,9651,4362400,205/60R16  Pirelli  Cinturato P7  92H  ,121,20260224,
5700097,113544,4435800,205/60R16  Pirelli  Cinturato P7C2  92V  ,4,20260224,
5700097,34982,4371300,205/60R16  Pirelli  Ice Zero  96T  шип.,57,20260224,
5700097,42564,4377400,205/60R16  Pirelli  Ice Zero Friction  96T  нешипуемая,16,20260224,
5700097,128277,5801000,205/60R16  Pirelli  Ice Zero Friction 3  96H  нешипуемая,8,20260224,
5700097,110771,4401100,205/65R16  Formula  Ice Friction  99T  нешипуемая,6,20260224,
5700097,83446,4389200,205/65R16  Formula ICE  99T  шип.,8,20260224,
5700097,122719,4537200,215/50R17  Formula  Energy  95V  ,1,20260224,
5700097,51395,4374300,215/50R17  Formula ICE  95T  шип.,0,20260224,
5700097,39152,4371900,215/50R17  Pirelli  Ice Zero  95T  шип.,19,20260224,
5700097,101411,4366900,215/50R17  Pirelli  POWERGY  95Y,2,20260224,
5700097,87980,4365000,215/55R16  Formula  Energy  97V,116,20260224,
5700097,46518,4366200,215/55R17  Formula  Energy  94W,204,20260224,
5700097,110763,4401000,215/55R17  Formula  Ice Friction  98T  нешипуемая,13,20260224,
5700097,43768,4372200,215/55R17  Formula ICE  98T  шип.,4,20260224,
5700097,7173,4364900,215/55R17  Pirelli  Cinturato P7  94V  ,68,20260224,
5700097,44400,4371600,215/55R17  Pirelli  Ice Zero  98T  шип.,11,20260224,
5700097,44419,4377500,215/55R17  Pirelli  Ice Zero Friction  98H  нешипуемая,16,20260224,
5700097,128273,5800700,215/55R17  Pirelli  Ice Zero Friction 3  98H  нешипуемая,4,20260224,
5700097,101366,4367900,215/55R17  Pirelli  POWERGY  98Y,9,20260224,
5700097,122718,5807100,215/55R18  Formula  Energy  99V  ,12,20260224,
5700097,116587,4463700,215/55R18  Formula  Ice Friction  99H  нешипуемая,113,20260224,
5700097,39709,4462700,215/55R18  Pirelli  Ice Zero  99T  шип.,74,20260224,
5700097,98340,4390200,215/55R18  Pirelli  Ice Zero Friction  99H  нешипуемая,51,20260224,
5700097,96145,4382400,215/55R18  Pirelli  POWERGY  99V,8,20260224,
5700097,49599,4362700,215/60R16  Formula  Energy  99H,156,20260224,
5700097,110766,4402400,215/60R16  Formula  Ice Friction  99T  нешипуемая,8,20260224,
5700097,43609,4370800,215/60R16  Formula ICE  99T  шип.,26,20260224,
5700097,16551,1988000,215/60R16  Pirelli  Cinturato P7  99H  ,3,20260224,
5700097,43621,4371400,215/60R16  Pirelli  Ice Zero  99T  шип.,2,20260224,
5700097,55521,4373300,215/60R16  Pirelli  Ice Zero Friction  99H  нешипуемая,10,20260224,
5700097,87979,4537400,215/60R17  Formula  Energy  96V,48,20260224,
5700097,110762,4402200,215/60R17  Formula  Ice Friction  100T  нешипуемая,8,20260224,
5700097,51391,4383900,215/60R17  Formula ICE  100T  шип.,19,20260224,
5700097,44415,4384400,215/60R17  Pirelli  Ice Zero Friction  100T  нешипуемая,4,20260224,
5700097,128278,5800800,215/60R17  Pirelli  Ice Zero Friction 3  100H  нешипуемая,0,20260224,
5700097,101365,4382000,215/60R17  Pirelli  POWERGY  96V,85,20260224,
5700097,55821,2543200,215/60R17  Pirelli  Scorpion Verde  96H  (KA),1,20260224,
5700097,46473,4380400,215/60R17  Pirelli  Scorpion Verde All-seasons  96V,4,20260224,
5700097,47933,4379600,215/65R16  Formula  Energy  98H,6,20260224,
5700097,110758,4402100,215/65R16  Formula  Ice Friction  102T  нешипуемая,125,20260224,
5700097,43771,4383100,215/65R16  Formula ICE  98T  шип.,103,20260224,
5700097,43618,5808100,215/65R16  Pirelli  Ice Zero  102T  шип.,12,20260224,
5700097,44390,4373100,215/65R16  Pirelli  Ice Zero Friction  102T  нешипуемая,22,20260224,
5700097,122711,4537000,215/65R16  Pirelli  POWERGY  102V  ,28,20260224,
5700097,55891,4405800,215/65R16  Pirelli  Scorpion Verde All-seasons  98H,103,20260224,
5700097,71971,4374600,215/65R17  Pirelli  Ice Zero Friction  103T  нешипуемая,4,20260224,
5700097,44395,4383800,215/70R16  Pirelli  Ice Zero  104T  шип.,1,20260224,
5700097,122714,4537600,225/40R18  Formula  Energy  92W  ,37,20260224,
5700097,101395,4367100,225/40R18  Pirelli  POWERGY  92Y,18,20260224,
5700097,121107,2750900,225/40R19  Pirelli  P Zero Luxury Saloon  93Y RF ✩ ,6,20260224,
5700097,97470,4366500,225/45R17  Formula  Energy  94Y,14,20260224,
5700097,83457,4374400,225/45R17  Formula ICE  94T  шип.,4,20260224,
5700097,113578,4368500,225/45R17  Pirelli  Cinturato P7C2  94Y  ,4,20260224,
5700097,113551,3221200,225/45R18  Pirelli  Cinturato P7C2  91Y  ,2,20260224,
5700097,83479,4376500,225/45R18  Pirelli  Ice Zero 2  95H  шип.,6,20260224,
5700097,83474,4373900,225/45R18  Pirelli  Ice Zero Friction  95H  нешипуемая,4,20260224,
5700097,101412,4367600,225/45R18  Pirelli  POWERGY  95Y,16,20260224,
5700097,55480,4371700,225/45R19  Pirelli  Ice Zero  96T  шип.,7,20260224,
5700097,50177,4373800,225/45R19  Pirelli  Ice Zero Friction  96H  нешипуемая,21,20260224,
5700097,55817,4380100,225/45R19  Pirelli  Scorpion Verde  96W,12,20260224,
5700097,49592,4366300,225/50R17  Formula  Energy  98Y,85,20260224,
5700097,110772,4401200,225/50R17  Formula  Ice Friction  98T  нешипуемая,1,20260224,
5700097,51396,4375300,225/50R17  Formula ICE  98T  шип.,2,20260224,
5700097,101414,2417900,225/50R17  Pirelli  Cinturato P7  98Y  AO ,2,20260224,
5700097,44407,4378200,225/50R17  Pirelli  Ice Zero Friction  98H  нешипуемая,1,20260224,
5700097,96131,4366800,225/50R17  Pirelli  POWERGY  98Y,39,20260224,
5700097,101397,4382800,225/50R18  Pirelli  POWERGY  99W,8,20260224,
5700097,122720,4537300,225/55R17  Formula  Energy  97V  ,4,20260224,
5700097,51397,4375200,225/55R17  Formula ICE  101T  шип.,22,20260224,
5700097,55672,1988100,225/55R17  Pirelli  Cinturato P7  101W  MO ,1,20260224,
5700097,43783,4375100,225/55R17  Pirelli  Ice Zero  101T  шип.,8,20260224,
5700097,44417,4377900,225/55R17  Pirelli  Ice Zero Friction  101H  нешипуемая,3,20260224,
5700097,101368,4367800,225/55R17  Pirelli  POWERGY  101Y,60,20260224,
5700097,87972,4381000,225/55R18  Formula  Energy  98V,8,20260224,
5700097,75962,4374500,225/55R18  Formula ICE  102T  шип.,10,20260224,
5700097,44403,4371800,225/55R18  Pirelli  Ice Zero  102T  шип.,18,20260224,
5700097,83470,4386700,225/55R18  Pirelli  Ice Zero Friction  102H  нешипуемая,16,20260224,
5700097,101403,4382300,225/55R18  Pirelli  POWERGY  98V,40,20260224,
5700097,21587,4413300,225/55R18  Pirelli  Scorpion Verde  98V,47,20260224,
5700097,122713,4539700,225/55R19  Formula  Energy  99V  ,3,20260224,
5700097,116591,4464000,225/55R19  Formula  Ice  103T  шип.,20,20260224,
5700097,116567,4463900,225/55R19  Pirelli  Ice Zero Friction  103H  нешипуемая,189,20260224,
5700097,128270,5801200,225/55R19  Pirelli  Ice Zero Friction 3  103H  нешипуемая,28,20260224,
5700097,122695,4540500,225/55R19  Pirelli  POWERGY  99V  ,2,20260224,
5700097,83452,4388500,225/55R19  Pirelli  Scorpion Ice Zero 2  103H  шип.,151,20260224,
5700097,55820,4380900,225/55R19  Pirelli  Scorpion Verde  99V ,14,20260224,
5700097,122721,4537500,225/60R17  Formula  Energy  99H  ,15,20260224,
5700097,43769,4383200,225/60R17  Formula ICE  99T  шип.,2,20260224,
5700097,120975,4368800,225/60R17  Pirelli  Cinturato P7  99V  RF ,5,20260224,
5700097,44391,4384300,225/60R17  Pirelli  Ice Zero Friction  103H  нешипуемая,8,20260224,
5700097,101371,4382100,225/60R17  Pirelli  POWERGY  99V,104,20260224,
5700097,101417,4381300,225/60R18  Formula  Energy  100H,3,20260224,
5700097,110756,4401700,225/60R18  Formula  Ice Friction  104T  нешипуемая,63,20260224,
5700097,98672,4389400,225/60R18  Formula ICE  104T  шип.,19,20260224,
5700097,69786,4386200,225/60R18  Pirelli  Ice Zero  104T  шип.,159,20260224,
5700097,69787,4385300,225/60R18  Pirelli  Ice Zero Friction  104T  нешипуемая,151,20260224,
5700097,128272,5800100,225/60R18  Pirelli  Ice Zero Friction 3  104H  нешипуемая,8,20260224,
5700097,101373,4382600,225/60R18  Pirelli  POWERGY  104V,14,20260224,
5700097,46506,4380000,225/60R18  Pirelli  Scorpion Verde  100H,22,20260224,
5700097,60350,4379700,225/65R17  Formula  Energy  102H,52,20260224,
5700097,110776,4403100,225/65R17  Formula  Ice Friction  106T  нешипуемая,1,20260224,
5700097,43614,4383400,225/65R17  Formula ICE  102T  шип.,22,20260224,
5700097,43624,4383600,225/65R17  Pirelli  Ice Zero  106T  шип.,0,20260224,
5700097,44406,4390300,225/65R17  Pirelli  Ice Zero Friction  106T  нешипуемая,35,20260224,
5700097,30043,4379000,225/65R17  Pirelli  Scorpion Verde  102H,32,20260224,
5700097,110773,4401900,235/45R17  Formula  Ice Friction  97T  нешипуемая,11,20260224,
5700097,101372,4368000,235/45R17  Pirelli  POWERGY  97Y,16,20260224,
5700097,122715,4537800,235/45R18  Formula  Energy  98W  ,78,20260224,
5700097,116589,4464100,235/45R18  Formula  Ice  98T  шип.,14,20260224,
5700097,110767,4401400,235/45R18  Formula  Ice Friction  98T  нешипуемая,14,20260224,
5700097,83450,4377100,235/45R18  Pirelli  Ice Zero 2  98H  шип.,1,20260224,
5700097,96136,4367400,235/45R18  Pirelli  POWERGY  98Y,41,20260224,
5700097,110749,4376200,235/50R18  Pirelli  Ice Zero 2  101H  шип.,4,20260224,
5700097,122699,4538000,235/50R18  Pirelli  POWERGY  97V  ,20,20260224,
5700097,116569,4464200,235/50R19  Pirelli  Ice Zero Friction  103H  нешипуемая,0,20260224,
5700097,96142,4382700,235/50R19  Pirelli  POWERGY  99V,12,20260224,
5700097,101385,4275300,235/50R19  Pirelli  Scorpion  99V,7,20260224,
5700097,83469,4388600,235/50R19  Pirelli  Scorpion Ice Zero 2  103H  шип.,113,20260224,
5700097,51398,4384800,235/55R17  Formula ICE  103T  шип.,4,20260224,
5700097,85700,4385200,235/55R17  Pirelli  Ice Zero Friction  103T  нешипуемая,4,20260224,
5700097,101374,4381900,235/55R17  Pirelli  POWERGY  103Y,12,20260224,
5700097,122717,4537900,235/55R18  Formula  Energy  104V  ,20,20260224,
5700097,110777,4401800,235/55R18  Formula  Ice Friction  104T  нешипуемая,12,20260224,
5700097,51392,4385100,235/55R18  Formula ICE  104T  шип.,64,20260224,
5700097,69794,4390100,235/55R18  Pirelli  Ice Zero Friction  104T  нешипуемая,54,20260224,
5700097,102582,4382500,235/55R18  Pirelli  POWERGY  104V  ,41,20260224,
5700097,92234,4387600,235/55R18  Pirelli  Scorpion Ice Zero 2  104H  шип.,9,20260224,
5700097,87975,4381400,235/55R19  Formula  Energy  105V,8,20260224,
5700097,116593,4467100,235/55R19  Formula  Ice  105H  шип.,12,20260224,
5700097,110759,4401600,235/55R19  Formula  Ice Friction  105H  нешипуемая,4,20260224,
5700097,50162,4389900,235/55R19  Pirelli  Ice Zero Friction  105H  нешипуемая,4,20260224,
5700097,128268,5801100,235/55R19  Pirelli  Ice Zero Friction 3  105H  нешипуемая,0,20260224,
5700097,101410,4381800,235/55R19  Pirelli  POWERGY  105W,16,20260224,
5700097,83453,4387800,235/55R19  Pirelli  Scorpion Ice Zero 2  105H  шип.,3,20260224,
5700097,72965,4379200,235/55R19  Pirelli  Scorpion Verde All-Seasons  105V,2,20260224,
5700097,92233,4386400,235/55R20  Pirelli  Ice Zero  105T  шип.,7,20260224,
5700097,96135,4380200,235/55R20  Pirelli  Scorpion Verde  102V,16,20260224,
5700097,101416,4381200,235/60R18  Formula  Energy  107V,56,20260224,
5700097,51393,4384900,235/60R18  Formula ICE  107T  шип.,13,20260224,
5700097,44413,4384200,235/60R18  Pirelli  Ice Zero Friction  107H  нешипуемая,35,20260224,
5700097,96137,4381700,235/60R18  Pirelli  POWERGY  103V,27,20260224,
5700097,108134,4031200,235/60R18  Pirelli  SCORPION  107W  ,5,20260224,
5700097,83460,4385900,235/60R18  Pirelli  Scorpion Ice Zero 2  107H  шип.,1,20260224,
5700097,55747,2494300,235/60R18  Pirelli  Scorpion Verde  103W  (N0) ,4,20260224,
5700097,55873,4380800,235/60R18  Pirelli  Scorpion Verde All-seasons  103H,14,20260224,
5700097,108170,4381100,235/65R17  Formula  Energy  108V  ,31,20260224,
5700097,51390,4384000,235/65R17  Formula ICE  108T  шип.,8,20260224,
5700097,101406,2737500,235/65R17  Pirelli  Scorpion Verde  108V  VOL,1,20260224,
5700097,55882,4379900,235/65R17  Pirelli  Scorpion Verde All-seasons  108V ,20,20260224,
5700097,44420,4384100,235/65R17  Pirelli  Winter-ICE Zero Friction  108H  нешипуемая,99,20260224,
5700097,116571,4464300,235/65R18  Pirelli  Ice Zero 2  110T  шип.,14,20260224,
5700097,83480,4389800,235/65R18  Pirelli  Ice Zero Friction  110T  нешипуемая,27,20260224,
5700097,128282,5803900,235/65R18  Pirelli  Ice Zero Friction 3  110H  нешипуемая,12,20260224,
5700097,55888,2398900,235/70R16  Pirelli  Scorpion Verde All-seasons  106H,4,20260224,
5700097,121042,4418300,245/35R20  Pirelli  P Zero Luxury Saloon  95Y RF ✩ (MOE) ,8,20260224,
5700097,120979,4368100,245/40R17  Pirelli  POWERGY  95Y  ,2,20260224,
5700097,108169,4538100,245/40R18  Formula  Energy  97Y  ,4,20260224,
5700097,110647,4376300,245/40R18  Pirelli  Ice Zero 2  97H  шип.,12,20260224,
5700097,55489,4374100,245/40R18  Pirelli  Ice Zero Friction  97H  нешипуемая,7,20260224,
5700097,56043,1811300,245/40R18  Pirelli  P Zero Rosso  97Y,4,20260224,
5700097,96140,4367200,245/40R18  Pirelli  POWERGY 97Y,13,20260224,
5700097,101393,4367700,245/40R19  Pirelli  POWERGY  98Y,4,20260224,
5700097,55667,1830000,245/45R17  Pirelli  Cinturato P7  99Y  MO ,6,20260224,
5700097,110775,4401500,245/45R18  Formula  Ice Friction  100H  нешипуемая,18,20260224,
5700097,96134,3573400,245/45R18  Pirelli  Cinturato P7C2  100Y  ,16,20260224,
5700097,116586,2479700,245/45R18  Pirelli  Winter Sotto Zero 3  100V  ✩ MO нешипуемая,4,20260224,
5700097,101391,4544300,245/45R19  Pirelli  POWERGY  102Y,4,20260224,
5700097,55461,5903100,245/45R20  Pirelli  Ice Zero  103H  шип.,107,20260224,
5700097,116566,4464400,245/45R20  Pirelli  Ice Zero Friction  103H  нешипуемая,92,20260224,
5700097,98338,4388000,245/45R20  Pirelli  Scorpion Ice Zero 2  103H  шип.,258,20260224,
5700097,108149,4394000,245/50R18  Pirelli  Cinturato P7  100W RF ,3,20260224,
5700097,116574,4564200,245/50R20  Pirelli  Ice Zero 2  105T  шип.,1,20260224,
5700097,116568,4564100,245/50R20  Pirelli  Ice Zero Friction  105H  нешипуемая,10,20260224,
5700097,121073,4280500,245/50R20  Pirelli  Scorpion VERDE All-Seasons  102V  ,4,20260224,
5700097,122694,5806800,245/55R19  Pirelli  Scorpion VERDE All-Seasons  103V  ,8,20260224,
5700097,83458,4389600,245/60R18  Pirelli  Ice Zero Friction  105T  нешипуемая,19,20260224,
5700097,113547,5916800,245/60R18  Pirelli  Scorpion VERDE All-Seasons  105H  ,1,20260224,
5700097,68294,2390100,255/35R19  Pirelli  P Zero  96Y  (MO),7,20260224,
5700097,113579,3146100,255/40R18  Pirelli  Cinturato P7C2  99Y  ✩ ,6,20260224,
5700097,110752,2413800,255/40R19  Pirelli  Scorpion Winter  100H  нешипуемая,4,20260224,
5700097,55800,1767400,255/40R20  Pirelli  P Zero  101W  (MO),1,20260224,
5700097,120556,3942600,255/40R20  Pirelli  P Zero Sports Car  101Y  MO-S KS NCS ,2,20260224,
5700097,101394,3884100,255/40R20  Pirelli  POWERGY  101Y,8,20260224,
5700097,98341,4389000,255/45R20  Pirelli  Ice Zero Friction  105H  нешипуемая,88,20260224,
5700097,128288,5800600,255/45R20  Pirelli  Ice Zero Friction 3  105H  нешипуемая,4,20260224,
5700097,83461,4388700,255/45R20  Pirelli  Scorpion Ice Zero 2  105H  шип.,70,20260224,
5700097,69789,4386900,255/50R19  Pirelli  Ice Zero Friction  107T  нешипуемая,4,20260224,
5700097,104210,4389500,255/50R20  Pirelli  Ice Zero Friction  109H  нешипуемая,0,20260224,
5700097,83463,4388800,255/50R20  Pirelli  Scorpion Ice Zero 2  109H  шип.,1,20260224,
5700097,44393,4390000,255/55R18  Pirelli  Ice Zero Friction  109H  нешипуемая,23,20260224,
5700097,75960,4384600,255/55R19  Pirelli  Ice Zero Friction  111H  нешипуемая,2,20260224,
5700097,107993,2728500,255/55R19  Pirelli  P Zero Sports Car  107W  ,8,20260224,
5700097,98337,4388200,255/55R19  Pirelli  Scorpion Ice Zero 2  111H  шип.,12,20260224,
5700097,55851,1780400,255/55R19  Pirelli  Scorpion Zero  111V,4,20260224,
5700097,83468,4387900,255/55R20  Pirelli  Scorpion Ice Zero 2  110H  шип.,123,20260224,
5700097,121075,4405900,255/55R20  Pirelli  Scorpion VERDE All-Seasons  110W  ,12,20260224,
5700097,116585,4137400,255/65R19  Pirelli  Scorpion Winter 2  114V  нешипуемая,3,20260224,
5700097,116579,4564000,265/40R22  Pirelli  Ice Zero Friction  106H  нешипуемая,4,20260224,
5700097,83456,4505700,265/45R21  Pirelli  Scorpion Ice Zero 2  108H  шип.,4,20260224,
5700097,56988,1804000,265/50R19  Pirelli  P Zero  110Y  (N0),4,20260224,
5700097,30041,2468600,265/50R19  Pirelli  Scorpion Verde  110W  ,1,20260224,
5700097,44399,4384700,265/50R20  Pirelli  Ice Zero  111H  шип.,37,20260224,
5700097,116576,4564300,265/55R19  Pirelli  Ice Zero 2  113T  шип.,20,20260224,
5700097,116573,4564900,265/55R19  Pirelli  Ice Zero Friction  113H  нешипуемая,0,20260224,
5700097,51394,4385000,265/60R18  Formula ICE  110T  шип.,43,20260224,
5700097,75864,4386800,265/60R18  Pirelli  Ice Zero Friction  114H  нешипуемая,4,20260224,
5700097,128286,5802100,265/60R18  Pirelli  Ice Zero Friction 3  114H  нешипуемая,16,20260224,
5700097,108131,4280700,265/60R18  Pirelli  SCORPION All Terrain +  110H  ,92,20260224,
5700097,83448,4385500,265/60R18  Pirelli  Scorpion Ice Zero 2  114T  шип.,1,20260224,
5700097,98330,4389300,265/65R17  Formula ICE  112T  шип.,29,20260224,
5700097,83478,4386600,265/65R17  Pirelli  Ice Zero Friction  116H  нешипуемая,5,20260224,
5700097,55883,4379100,265/65R17  Pirelli  Scorpion Verde All-seasons  112H,8,20260224,
5700097,113548,5917200,265/65R18  Pirelli  Scorpion All Terrain +  114T  ,16,20260224,
5700097,86703,2796900,275/30R20  Pirelli  P Zero  97Y  (MOE)  RF,2,20260224,
5700097,113566,3941500,275/40R19  Pirelli  P Zero Sports Car  105Y  ✩ MO ,2,20260224,
5700097,110748,2569600,275/40R19  Pirelli  Winter Sotto Zero 3  101W  MGT нешипуемая,3,20260224,
5700097,93966,4369700,275/40R21  Pirelli  Ice Zero 2  107H RF шип.,1,20260224,
5700097,108142,2826200,275/40R22  Pirelli  P Zero Sports Car  107Y  ,14,20260224,
5700097,113565,4276400,275/45R20  Pirelli  SCORPION  110V  ,12,20260224,
5700097,69782,4386500,275/50R20  Pirelli  Ice Zero  113T  шип.,8,20260224,
5700097,104926,3967700,275/50R20  Pirelli  P Zero  113W  MO ,2,20260224,
5700097,108152,2671200,285/35R22  Pirelli  Scorpion ZERO  106Y  ,4,20260224,
5700097,121016,4278500,285/40R21  Pirelli  P Zero Luxury Saloon  109Y  ,5,20260224,
5700097,56050,2423000,285/40R21  Pirelli  Scorpion Verde  109Y  (AO),1,20260224,
5700097,122660,4544400,285/40R22  Pirelli  P Zero Luxury Saloon  110Y  ,4,20260224,
5700097,108151,2814300,285/45R21  Pirelli  Scorpion ZERO Asimmetrico  113W  MO1 ,5,20260224,
5700097,60361,2354500,285/50R20  Pirelli  Scorpion Verde All-seasons  116V  Extra Load  M+S,10,20260224,
5700097,83472,4387400,285/60R18  Pirelli  Scorpion Ice Zero 2  116T  шип.,1,20260224,
5700097,46511,2320700,285/65R17  Pirelli  Scorpion Verde All-seasons  116H  M+S,9,20260224,
5700097,87669,4381500,295/40R21  Pirelli  Scorpion Verde  111Y,8,20260224,
5700097,108159,3832000,305/30R21  Pirelli  P Zero Sports Car  100Y  N4 ,2,20260224,
5700097,96146,2634200,305/40R20  Pirelli  P Zero  112Y  (NO),3,20260224,
5700097,108161,2671300,315/30R22  Pirelli  P Zero  107Y  N0 ,4,20260224,
5700097,55787,2094800,315/35R20  Pirelli  P Zero  106Y  (F),2,20260224,
5700097,121035,4527200,315/35R20  Pirelli  P Zero Luxury Saloon  110W RF ,4,20260224,
